"","ADJ","ADP","ADV","AUX","CCONJ","DET","INTJ","NOUN","NUM","PART","PRON","PROPN","PUNCT","SCONJ","SYM","VERB","X","acl","advcl","advmod","amod","appos","aux","case","cc","ccomp","conj","cop","csubj","det","discourse","fixed","mark","nmod","nsubj","nummod","obj","obl","parataxis","punct","root","xcomp"
"Mass",0.045153,0.041485,0.027733,0.027631,0.018485,0.021569,0.000409,0.104462,0.008573,0.009453,0.032626,0.02715,0.071954,0.015622,0.000636,0.061947,0.001244,0.006561,0.008885,0.030391,0.032648,0.002823,0.015807,0.04147,0.018111,0.006077,0.022026,0.009585,0.001312,0.0182,0.001476,0.003109,0.015719,0.029895,0.037927,0.006897,0.026257,0.033112,0.003875,0.071899,0.032199,0.007605
"ChiDist",0.147808,0.375774,0.360593,0.646351,0.191022,0.600261,1.025986,0.137058,0.154296,0.691843,0.453077,0.591812,0.209079,0.183819,1.235649,0.094264,1.183596,0.421516,0.280576,0.353327,0.169554,1.003235,0.765962,0.378846,0.184977,0.286017,0.177788,0.695197,0.879261,0.624456,1.142883,0.522279,0.12564,0.550263,0.196612,0.138632,0.237751,0.212538,0.47258,0.208694,0.286169,0.246465
"Inertia",0.000986,0.005858,0.003606,0.011543,0.000674,0.007772,0.00043,0.001962,0.000204,0.004525,0.006697,0.009509,0.003145,0.000528,0.000971,0.00055,0.001743,0.001166,0.000699,0.003794,0.000939,0.002841,0.009274,0.005952,0.00062,0.000497,0.000696,0.004633,0.001014,0.007097,0.001928,0.000848,0.000248,0.009052,0.001466,0.000133,0.001484,0.001496,0.000865,0.003131,0.002637,0.000462
"Dim. 1",0.227794,-1.46684,1.453869,1.943293,0.747898,-0.018028,3.638771,-0.352809,-0.535566,-0.411172,0.912586,-2.028959,-0.12576,0.345584,2.466593,0.250852,0.914704,-0.413456,0.966582,1.337236,-0.393897,-3.24922,1.705998,-1.459253,0.752083,-0.288539,0.568886,2.637907,-0.371135,0.199999,2.118302,-1.498404,0.265226,-2.054669,-0.431765,-0.393021,0.958448,-0.621834,-1.640359,-0.12478,1.120537,0.84833
"Dim. 2",-0.471886,-0.518772,0.511635,-2.461293,-0.054813,-0.684441,-1.627842,-0.204678,0.289922,2.436391,1.925873,-0.973321,0.955803,-0.452902,1.784869,0.281587,-5.481325,-1.932506,0.716507,0.763139,-0.643828,0.65882,-3.48592,-0.626509,0.12847,-1.284613,0.383321,-1.226263,2.83354,0.70071,-4.414724,1.392858,-0.013905,-0.965016,0.327181,-0.136323,-0.21591,0.443831,0.773669,0.953273,0.558468,-0.524508
