"","ADJ","ADP","ADV","AUX","CCONJ","DET","INTJ","NOUN","NUM","PART","PRON","PROPN","PUNCT","SCONJ","SYM","VERB","X","acl","advcl","advmod","amod","appos","aux","case","cc","ccomp","conj","cop","csubj","det","discourse","fixed","mark","nmod","nsubj","nummod","obj","obl","parataxis","punct","root","xcomp"
"Mass",0.044621,0.042502,0.027063,0.027898,0.018248,0.021211,0.000364,0.106711,0.008645,0.008919,0.03211,0.02918,0.071006,0.015242,0.000696,0.061784,0.001218,0.006367,0.008665,0.029411,0.032757,0.003107,0.015967,0.04241,0.017879,0.006185,0.021742,0.009494,0.001236,0.01854,0.001397,0.003032,0.015603,0.030921,0.037573,0.006771,0.026053,0.033693,0.003967,0.070957,0.031426,0.007432
"ChiDist",0.152951,0.389209,0.390731,0.628511,0.201872,0.647302,1.018515,0.132294,0.16095,0.740928,0.454725,0.561072,0.209598,0.188694,1.188188,0.101429,1.253202,0.458422,0.297987,0.381832,0.180383,0.948312,0.762082,0.394093,0.196711,0.288219,0.190445,0.696425,0.971406,0.657028,1.181614,0.542003,0.133748,0.565066,0.196415,0.130508,0.245972,0.204599,0.481064,0.209249,0.307904,0.237553
"Inertia",0.001044,0.006438,0.004132,0.01102,0.000744,0.008887,0.000377,0.001868,0.000224,0.004896,0.00664,0.009186,0.003119,0.000543,0.000982,0.000636,0.001914,0.001338,0.000769,0.004288,0.001066,0.002794,0.009273,0.006587,0.000692,0.000514,0.000789,0.004604,0.001166,0.008003,0.001951,0.000891,0.000279,0.009873,0.00145,0.000115,0.001576,0.00141,0.000918,0.003107,0.002979,0.000419
"Dim. 1",0.168097,-1.49333,1.535649,1.768883,0.746706,-0.171061,3.620071,-0.333953,-0.511559,-0.352486,1.166025,-1.870652,-0.059367,0.278803,2.745744,0.278604,0.431495,-0.639152,1.06848,1.418307,-0.456629,-2.856172,1.457043,-1.504291,0.768931,-0.370347,0.599102,2.570697,-0.32069,0.29536,1.672243,-1.509525,0.275023,-2.092875,-0.423755,-0.429235,0.953244,-0.537704,-1.549946,-0.058368,1.184456,0.772602
"Dim. 2",-0.557341,-0.365045,0.43052,-2.512216,-0.120523,-0.539341,-1.438625,-0.133573,0.391537,2.563816,1.723821,-0.726603,0.949366,-0.609395,1.619633,0.298283,-6.201318,-2.33732,0.581259,0.728475,-0.672767,1.300508,-3.709275,-0.467629,0.080274,-1.249174,0.364687,-1.152438,3.036427,0.850493,-4.814949,1.420217,-0.10357,-0.73994,0.243047,-0.293786,-0.224937,0.432712,0.917387,0.9468,0.511964,-0.522881
